business_name,business_number,business_page_uri
Flow Customs,(813) 203-5974,https://maps.google.com/?cid=7688283648939534476&g_mp=Cidnb29nbGUubWFwcy5wbGFjZXMudjEuUGxhY2VzLlNlYXJjaFRleHQQAhgEIAA
Milkman customs,(305) 922-1854,https://maps.google.com/?cid=2264544695612273003&g_mp=Cidnb29nbGUubWFwcy5wbGFjZXMudjEuUGxhY2VzLlNlYXJjaFRleHQQAhgEIAA
Amp'd Up Customs,(813) 682-8216,https://maps.google.com/?cid=453072080698571823&g_mp=Cidnb29nbGUubWFwcy5wbGFjZXMudjEuUGxhY2VzLlNlYXJjaFRleHQQAhgEIAA
Tampa Bay Motors - Auto Paint & Custom Shop,(813) 300-2654,https://maps.google.com/?cid=13506832039069063040&g_mp=Cidnb29nbGUubWFwcy5wbGFjZXMudjEuUGxhY2VzLlNlYXJjaFRleHQQAhgEIAA
Classic Soft Trim of Tampa Bay LLC,(813) 626-7113,https://maps.google.com/?cid=16487909462227374213&g_mp=Cidnb29nbGUubWFwcy5wbGFjZXMudjEuUGxhY2VzLlNlYXJjaFRleHQQAhgEIAA
Stadium Customs & Collisions,(813) 380-1404,https://maps.google.com/?cid=11151341318892662018&g_mp=Cidnb29nbGUubWFwcy5wbGFjZXMudjEuUGxhY2VzLlNlYXJjaFRleHQQAhgEIAA
Xpress Custom Wheels,(813) 252-4909,https://maps.google.com/?cid=7031729105008212186&g_mp=Cidnb29nbGUubWFwcy5wbGFjZXMudjEuUGxhY2VzLlNlYXJjaFRleHQQAhgEIAA
Custom Classic's Collision and Motorcycle Refinishing,(813) 681-9544,https://maps.google.com/?cid=1944866588921506034&g_mp=Cidnb29nbGUubWFwcy5wbGFjZXMudjEuUGxhY2VzLlNlYXJjaFRleHQQAhgEIAA
Gil's Auto Center,(813) 237-1599,https://maps.google.com/?cid=5029739051550951624&g_mp=Cidnb29nbGUubWFwcy5wbGFjZXMudjEuUGxhY2VzLlNlYXJjaFRleHQQAhgEIAA
Tach Automotive LLC,(813) 898-8623,https://maps.google.com/?cid=14950469251672966097&g_mp=Cidnb29nbGUubWFwcy5wbGFjZXMudjEuUGxhY2VzLlNlYXJjaFRleHQQAhgEIAA
Outrageous Custom Paint & Body Shop,(813) 735-6018,https://maps.google.com/?cid=12023215885746000130&g_mp=Cidnb29nbGUubWFwcy5wbGFjZXMudjEuUGxhY2VzLlNlYXJjaFRleHQQAhgEIAA
Eme And My Friend Body Shop,(404) 957-8244,https://maps.google.com/?cid=9713793179667545490&g_mp=Cidnb29nbGUubWFwcy5wbGFjZXMudjEuUGxhY2VzLlNlYXJjaFRleHQQAhgEIAA
Thee Tint Shop,(813) 933-5003,https://maps.google.com/?cid=5631052289745249356&g_mp=Cidnb29nbGUubWFwcy5wbGFjZXMudjEuUGxhY2VzLlNlYXJjaFRleHQQAhgEIAA
Full Window Tinting & Carwash,(813) 850-1155,https://maps.google.com/?cid=15375192578238252434&g_mp=Cidnb29nbGUubWFwcy5wbGFjZXMudjEuUGxhY2VzLlNlYXJjaFRleHQQAhgEIAA
Window Tint Venezuela Tampa,(813) 407-1525,https://maps.google.com/?cid=2743217036073193550&g_mp=Cidnb29nbGUubWFwcy5wbGFjZXMudjEuUGxhY2VzLlNlYXJjaFRleHQQAhgEIAA
Mr. Tint & Wraps,(813) 230-1981,https://maps.google.com/?cid=6630181347939505579&g_mp=Cidnb29nbGUubWFwcy5wbGFjZXMudjEuUGxhY2VzLlNlYXJjaFRleHQQAhgEIAA
Solar Shop Window Tint,(813) 541-7722,https://maps.google.com/?cid=7691596173734759073&g_mp=Cidnb29nbGUubWFwcy5wbGFjZXMudjEuUGxhY2VzLlNlYXJjaFRleHQQAhgEIAA
OTC Auto Tint,(813) 963-2277,https://maps.google.com/?cid=9288709711978338543&g_mp=Cidnb29nbGUubWFwcy5wbGFjZXMudjEuUGxhY2VzLlNlYXJjaFRleHQQAhgEIAA
Rio Tinting Service,(813) 445-9834,https://maps.google.com/?cid=17342392368896728830&g_mp=Cidnb29nbGUubWFwcy5wbGFjZXMudjEuUGxhY2VzLlNlYXJjaFRleHQQAhgEIAA
Dee's Window Tinting,(813) 597-3445,https://maps.google.com/?cid=10378485580263973070&g_mp=Cidnb29nbGUubWFwcy5wbGFjZXMudjEuUGxhY2VzLlNlYXJjaFRleHQQAhgEIAA
Tampa H﻿ome and Co﻿mmerci﻿al W﻿indow Tinting,(813) 534-5875,https://maps.google.com/?cid=14725540732996667089&g_mp=Cidnb29nbGUubWFwcy5wbGFjZXMudjEuUGxhY2VzLlNlYXJjaFRleHQQAhgEIAA
Alley Cat Customs,(813) 622-8594,https://maps.google.com/?cid=9383716589808629012&g_mp=Cidnb29nbGUubWFwcy5wbGFjZXMudjEuUGxhY2VzLlNlYXJjaFRleHQQAhgEIAA
Executive window tint. / intoxalock,(727) 219-6010,https://maps.google.com/?cid=12227087712030905195&g_mp=Cidnb29nbGUubWFwcy5wbGFjZXMudjEuUGxhY2VzLlNlYXJjaFRleHQQAhgEIAA
Prime 3 Wraps,(813) 591-9779,https://maps.google.com/?cid=1270424244502309281&g_mp=Cidnb29nbGUubWFwcy5wbGFjZXMudjEuUGxhY2VzLlNlYXJjaFRleHQQAhgEIAA
CarGraphics,(727) 401-4002,https://maps.google.com/?cid=8235732304543001018&g_mp=Cidnb29nbGUubWFwcy5wbGFjZXMudjEuUGxhY2VzLlNlYXJjaFRleHQQAhgEIAA
Logic Customs,(813) 686-4921,https://maps.google.com/?cid=13607970814091942329&g_mp=Cidnb29nbGUubWFwcy5wbGFjZXMudjEuUGxhY2VzLlNlYXJjaFRleHQQAhgEIAA
Autotek,(813) 453-7651,https://maps.google.com/?cid=10538219967598910299&g_mp=Cidnb29nbGUubWFwcy5wbGFjZXMudjEuUGxhY2VzLlNlYXJjaFRleHQQAhgEIAA
