business_name,business_number,business_page_uri
Custom Classic's Collision and Motorcycle Refinishing,(813) 681-9544,https://maps.google.com/?cid=1944866588921506034&g_mp=Cidnb29nbGUubWFwcy5wbGFjZXMudjEuUGxhY2VzLlNlYXJjaFRleHQQAhgEIAA
Flow Customs,(813) 203-5974,https://maps.google.com/?cid=7688283648939534476&g_mp=Cidnb29nbGUubWFwcy5wbGFjZXMudjEuUGxhY2VzLlNlYXJjaFRleHQQAhgEIAA
Alley Cat Customs,(813) 622-8594,https://maps.google.com/?cid=9383716589808629012&g_mp=Cidnb29nbGUubWFwcy5wbGFjZXMudjEuUGxhY2VzLlNlYXJjaFRleHQQAhgEIAA
"WolfTrack Automotive, LLC",(727) 470-0230,https://maps.google.com/?cid=3091148311663728484&g_mp=Cidnb29nbGUubWFwcy5wbGFjZXMudjEuUGxhY2VzLlNlYXJjaFRleHQQAhgEIAA
Classic Soft Trim of Tampa Bay LLC,(813) 626-7113,https://maps.google.com/?cid=16487909462227374213&g_mp=Cidnb29nbGUubWFwcy5wbGFjZXMudjEuUGxhY2VzLlNlYXJjaFRleHQQAhgEIAA
Logic Customs,(813) 686-4921,https://maps.google.com/?cid=13607970814091942329&g_mp=Cidnb29nbGUubWFwcy5wbGFjZXMudjEuUGxhY2VzLlNlYXJjaFRleHQQAhgEIAA
Hitson The Diagnostic Guy,(813) 716-0890,https://maps.google.com/?cid=17543798344776409003&g_mp=Cidnb29nbGUubWFwcy5wbGFjZXMudjEuUGxhY2VzLlNlYXJjaFRleHQQAhgEIAA
Cuchlinski Motors,(813) 502-5392,https://maps.google.com/?cid=1185894373657256010&g_mp=Cidnb29nbGUubWFwcy5wbGFjZXMudjEuUGxhY2VzLlNlYXJjaFRleHQQAhgEIAA
Precision Collision & Auto Tampa LLC,(656) 777-0480,https://maps.google.com/?cid=9488652998410445622&g_mp=Cidnb29nbGUubWFwcy5wbGFjZXMudjEuUGxhY2VzLlNlYXJjaFRleHQQAhgEIAA
ALAN JON WHITE JR TRUST,(813) 678-6481,https://maps.google.com/?cid=9966634824193201114&g_mp=Cidnb29nbGUubWFwcy5wbGFjZXMudjEuUGxhY2VzLlNlYXJjaFRleHQQAhgEIAA
Dee's Window Tinting,(813) 597-3445,https://maps.google.com/?cid=10378485580263973070&g_mp=Cidnb29nbGUubWFwcy5wbGFjZXMudjEuUGxhY2VzLlNlYXJjaFRleHQQAhgEIAA
Mr. Tint & Wraps,(813) 230-1981,https://maps.google.com/?cid=6630181347939505579&g_mp=Cidnb29nbGUubWFwcy5wbGFjZXMudjEuUGxhY2VzLlNlYXJjaFRleHQQAhgEIAA
Thee Tint Shop,(813) 933-5003,https://maps.google.com/?cid=5631052289745249356&g_mp=Cidnb29nbGUubWFwcy5wbGFjZXMudjEuUGxhY2VzLlNlYXJjaFRleHQQAhgEIAA
